Direccion del archivo,Resolucion,Tama√±o en MB,Mimetype,Descripcion,Tags,Ultima actualizacion,Fecha
Cat03.jpg,"(481, 480)",0.034939,image/jpeg,Mi gatito anaranjado,"Gatito, Michifuz, Animal",Invitado,1686410204.0
F100037432.jpg,"(5400, 3600)",2.185926,image/jpeg,Un simple bicho,"Insecto, Naturaleza, Animal",Tomi,1686842436.0
dados.png,"(800, 600)",0.226933,image/png,Unos dados,Dados,Tomi,1686585653.0
sunset-g74ca660a9_1280.jpg,"(1280, 853)",0.171978,image/jpeg,Mi viaje con Diana Prince,"Atardecer, Amigos, Playa",Batman,1686491170.0
digital-art-g7812f92ce_1280.png,"(1280, 960)",0.622481,image/png,Mas fotos de mi viaje con Diana,"Playa, Amigos",Batman,1686491450.0
Vacaciones7 (1).jpg,"(1599, 1200)",0.177469,image/jpeg,Yo posando para una foto,"Playa, Foto, Posando",Lean,1686574259.0
Vacaciones3.jpg,"(1599, 1200)",0.086244,image/jpeg,Yo posando con mi amigo,"Playa, Ocaso, Amigos",Lean,1686574301.0
Vacaciones4.jpg,"(1599, 1200)",0.079812,image/jpeg,tirando facha en el atardecer,"facha, atardecer, pirata, amigos",Poisson,1686858911.0
Vacaciones8 (2).jpg,"(1599, 1200)",0.084511,image/jpeg,Hola capirola!,"Hola, Hello, Saludos, Playa",Poisson,1686574374.0
Vacaciones6 (1).jpg,"(1599, 1200)",0.096724,image/jpeg,Hola,"Hola, Alo!, Playa",Ale,1686859397.0
Vacaciones3 (2).jpg,"(1599, 1200)",0.034294,image/jpeg,Una foto de la luna,"Luna, Noche",clari,1686585987.0
Vacaciones5 (1).jpg,"(1200, 1599)",0.132907,image/jpeg,tipo en la playa,tipo,fotos,1686586621.0
Vacaciones2.jpg,"(1599, 1200)",0.148708,image/jpeg,fogata de asado con amigos,fogata,clari,1686587333.0
Vacaciones6.jpg,"(1200, 1599)",0.130781,image/jpeg,muchacho en las orillas del mar argentino,chico,clari,1686587390.0
Vacaciones8 (1).jpg,"(1599, 1200)",0.225214,image/jpeg,patos en un lago ,patos,clari,1686587434.0
Vacaciones3 (1).jpg,"(1599, 1200)",0.105958,image/jpeg,Mi amigo,Foto,clari,1686587805.0
Vacaciones9.jpg,"(1599, 1200)",0.14501,image/jpeg,Un barquito en las olas,"Barco, Olas",clari,1686859631.0
Vacaciones8.jpg,"(1599, 1200)",0.12074,image/jpeg,Tirando facha en el mar,"Facha, costa",Juanchin,1686858496.0
Vacaciones2 (1).jpg,"(1599, 1200)",0.119858,image/jpeg,fulbofulbofulbo,fulbo,Carpincho,1686662165.0
Vacaciones5.jpg,"(1599, 1200)",0.034294,image/jpeg,Luna en cuarto menguante,"Luna, cuarto",Juanchin,1686858558.0
Vacaciones7.jpg,"(1200, 1599)",0.124416,image/jpeg,Mis vacaciones,Vacaciones,jxskier,1687917238.438378
Vacaciones7 (2).jpg,"(1599, 1200)",0.120519,image/jpeg,Fauna de playa,Animal,Poisson,1688080608.98606
